{"text": " Thanks for watching!", "segments": [{"id": 0, "seek": 0, "start": 0.0, "end": 2.0, "text": " Thanks for watching!", "tokens": [50364, 2561, 337, 1976, 0, 50464], "temperature": 0.0, "avg_logprob": -0.9084371158054897, "compression_ratio": 0.7142857142857143, "no_speech_prob": 0.9278685450553894}], "language": "en"}